experiment,model,representation,validation_balanced_accuracy,accuracy,balanced_accuracy,macro_f1,roc_auc,condition
microphone,Logistic Regression,Raw,0.994773519163763,0.9864864864864865,0.9864864864864865,0.9864840182648402,0.9981484863241621,
microphone,Random Forest,Raw,0.9895470383275261,0.9695945945945946,0.9695945945945945,0.9695927050900767,0.9950364215566919,
microphone,Linear SVM,Raw,0.9878048780487805,0.9842342342342343,0.9842342342342343,0.9842322346292192,0.9986887225062901,
speaker_closed_set,Logistic Regression,Raw,,0.9215686274509803,0.9202247339270931,0.9099848768206811,,IHM→IHM
speaker_closed_set,Logistic Regression,Raw,,0.6601307189542484,0.6278242194133755,0.617908539050085,,SDM→SDM
speaker_closed_set,Logistic Regression,Raw,,0.29411764705882354,0.3529121853645447,0.28901885018340157,,IHM→SDM
speaker_closed_set,Logistic Regression,Raw,,0.3562091503267974,0.36206997466639024,0.3115482000541366,,SDM→IHM
lexical,Logistic Regression,Raw,,0.85,0.88,0.8674242424242425,,IHM→IHM
lexical,Logistic Regression,Raw,,0.75,0.6866666666666666,0.6703703703703704,,SDM→SDM
lexical,Logistic Regression,Raw,,0.65,0.45999999999999996,0.48144499178981937,,IHM→SDM
lexical,Logistic Regression,Raw,,0.725,0.7600000000000001,0.7164983164983165,,SDM→IHM
