protocol_version,metric,bootstrap_unit,point,ci_95_low,ci_95_high,iterations
2.0,recording_condition_Logistic Regression,item,0.9566532258064516,0.9429357477318645,0.968683930973343,500
2.0,recording_condition_Logistic Regression,speaker,0.9566532258064516,0.9407407407407408,0.9895069444444444,500
2.0,recording_condition_Logistic Regression,meeting,0.9566532258064516,0.9279544064781529,0.9770240700218819,500
2.0,recording_condition_Linear SVM,item,0.9546370967741935,0.941655672172978,0.9656814288328812,500
2.0,recording_condition_Linear SVM,speaker,0.9546370967741935,0.9370370370370371,0.9895069444444444,500
2.0,recording_condition_Linear SVM,meeting,0.9546370967741935,0.927673828125,0.9741012977138586,500
2.0,recording_condition_Random Forest,item,0.9566532258064516,0.9430438382469726,0.9679261879066999,500
2.0,recording_condition_Random Forest,speaker,0.9566532258064516,0.9351851851851851,0.9863354591836735,500
2.0,recording_condition_Random Forest,meeting,0.9566532258064516,0.912791192103265,0.9832819419816388,500
2.0,closed_set_speaker_IHM→IHM,item,0.9179384454152256,0.8739343850446519,0.9526333835464194,500
2.0,closed_set_speaker_SDM→SDM,item,0.686696140630009,0.6218649619926726,0.7413173450197716,500
2.0,closed_set_speaker_IHM→SDM,item,0.3415317932534918,0.28218484546751316,0.39387089998849356,500
2.0,closed_set_speaker_SDM→IHM,item,0.31596637447411874,0.2556035030410645,0.3669482507489775,500
2.0,small_lexical_IHM→IHM,item,0.8125,0.46581027667984193,1.0,500
2.0,small_lexical_SDM→SDM,item,0.4125874125874126,0.14285714285714285,0.6666666666666666,500
2.0,small_lexical_IHM→SDM,item,0.4375,0.2,0.6974789915966386,500
2.0,small_lexical_SDM→IHM,item,0.5804195804195804,0.29411764705882354,0.8333333333333334,500
2.0,raw_recording_condition,item,0.9566532258064516,0.9429357477318645,0.968683930973343,500
2.0,raw_recording_condition,speaker,0.9566532258064516,0.9407407407407408,0.9895069444444444,500
2.0,raw_recording_condition,meeting,0.9566532258064516,0.9279544064781529,0.9770240700218819,500
2.0,best_source_only_recording_condition,item,0.9375,0.9213880859435996,0.9516251570077274,500
2.0,best_source_only_recording_condition,speaker,0.9375,0.9235294117647059,0.9614583333333332,500
2.0,best_source_only_recording_condition,meeting,0.9375,0.9074073658308787,0.9606421027437103,500
2.0,pair_aligned_recording_condition,item,0.9195652173913044,0.8968702149379005,0.9440030416972365,500
2.0,pair_aligned_recording_condition,speaker,0.9195652173913044,0.9004471801346802,0.9375,500
2.0,pair_aligned_recording_condition,meeting,0.9195652173913044,0.8862854251012146,0.9487219645576631,500
