protocol_version,waveform_representation,feature_group,n_features,validation_balanced_accuracy,test_balanced_accuracy,macro_f1
2.0,raw,All features,109,0.9776119402985075,0.9566532258064516,0.9566521245601038
2.0,raw,MFCC only,26,0.957089552238806,0.9143145161290323,0.9143123392467168
2.0,raw,MFCC + delta + delta-delta,78,0.9626865671641791,0.9304435483870968,0.9304417812708643
2.0,raw,Spectral only,24,0.960820895522388,0.905241935483871,0.9052415503119728
2.0,raw,Energy only,2,0.6044776119402985,0.7570564516129032,0.7565554932136096
2.0,raw,Pitch/voicing only,4,0.8190298507462687,0.7368951612903225,0.7358965178514051
2.0,raw,Everything except energy,107,0.9794776119402986,0.9546370967741935,0.9546366818927804
2.0,raw,Everything except duration,108,0.9794776119402985,0.9546370967741935,0.9546366818927804
2.0,raw,Everything except energy and duration,106,0.9794776119402986,0.9516129032258065,0.9516111330165402
2.0,peak_norm,All features,109,0.9794776119402985,0.9495967741935484,0.9495934959349593
2.0,peak_norm,MFCC only,26,0.9701492537313433,0.9213709677419355,0.9213706481312116
2.0,peak_norm,MFCC + delta + delta-delta,78,0.9720149253731343,0.935483870967742,0.9354815106887202
2.0,peak_norm,Spectral only,24,0.960820895522388,0.905241935483871,0.9052415503119728
2.0,peak_norm,Energy only,2,0.8395522388059702,0.752016129032258,0.7519909264973108
2.0,peak_norm,Pitch/voicing only,4,0.8190298507462687,0.7368951612903225,0.7358965178514051
2.0,peak_norm,Everything except energy,107,0.9813432835820896,0.9516129032258065,0.951612706542284
2.0,peak_norm,Everything except duration,108,0.9794776119402986,0.9475806451612903,0.9475787274345852
2.0,peak_norm,Everything except energy and duration,106,0.9794776119402985,0.9495967741935485,0.9495965693148791
2.0,rms_norm,All features,109,0.9813432835820896,0.9495967741935484,0.9495934959349593
2.0,rms_norm,MFCC only,26,0.9776119402985075,0.9264112903225806,0.9264106172927327
2.0,rms_norm,MFCC + delta + delta-delta,78,0.9776119402985075,0.9435483870967742,0.9435474692291432
2.0,rms_norm,Spectral only,24,0.960820895522388,0.905241935483871,0.9052415503119728
2.0,rms_norm,Energy only,2,0.833955223880597,0.783266129032258,0.7831495574636389
2.0,rms_norm,Pitch/voicing only,4,0.8190298507462687,0.7368951612903225,0.7358965178514051
2.0,rms_norm,Everything except energy,107,0.9794776119402985,0.9485887096774194,0.9485844775773564
2.0,rms_norm,Everything except duration,108,0.9813432835820896,0.9485887096774194,0.9485874035480302
2.0,rms_norm,Everything except energy and duration,106,0.9794776119402985,0.9485887096774194,0.9485874035480302
