protocol_version,representation,representation_family,mic_probe_accuracy,speaker_same_channel_f1,speaker_cross_channel_f1,comparison_scope,paired_embedding_distance
2.0,Raw,classical_source_only,0.9826086956521739,0.8023172930226173,0.3287490838638053,standardized_frozen_probe,
2.0,MFCC-CMN,classical_source_only,0.9760869565217392,0.7178342588086466,0.2577096757384051,standardized_frozen_probe,
2.0,MFCC-CMVN,classical_source_only,0.9521739130434783,0.7052256536282355,0.25628148320178956,standardized_frozen_probe,
2.0,Robust,classical_source_only,0.9826086956521739,0.7804331515839369,0.30437583931942014,standardized_frozen_probe,
2.0,PCA whiten,classical_source_only,0.9717391304347827,0.7598989609535276,0.2676086768522148,standardized_frozen_probe,
2.0,PairAlign λ=0,pair_aligned,0.9282608695652175,0.7806355488890855,0.7441824831038167,standardized_frozen_probe,0.11619628965854645
2.0,PairAlign λ=0.01,pair_aligned,0.9282608695652175,0.7814701200166942,0.7515016186340657,standardized_frozen_probe,0.11130908131599426
2.0,PairAlign λ=0.1,pair_aligned,0.9195652173913044,0.7780645780258784,0.7508506771979857,standardized_frozen_probe,0.08378800749778748
2.0,PairAlign λ=0.5,pair_aligned,0.9108695652173913,0.7791310680461033,0.7387551076410999,standardized_frozen_probe,0.04471004009246826
2.0,PairAlign λ=1,pair_aligned,0.9108695652173913,0.7694409495077209,0.7485355544821666,standardized_frozen_probe,0.0314982533454895
2.0,CORAL (UDA),target_aware_unlabeled,,,0.4817749893857319,target_aware_adaptation_separate,
