protocol_version,protocol,fold,held_out_groups,test_pairs,accuracy,balanced_accuracy,macro_f1,roc_auc
2.0,Speaker-held-out,1,3,382,0.9541884816753927,0.9541884816753927,0.9541657882061751,
2.0,Speaker-held-out,2,4,392,0.9642857142857143,0.9642857142857143,0.9642836224008331,
2.0,Speaker-held-out,3,5,437,0.9347826086956522,0.9347826086956521,0.9346655178247545,
2.0,Speaker-held-out,4,5,396,0.946969696969697,0.946969696969697,0.9469422911283376,
2.0,Speaker-held-out,5,4,393,0.9758269720101781,0.9758269720101782,0.9758222366131055,
2.0,Meeting-held-out,1,3,339,0.9572271386430679,0.9572271386430677,0.9572248123065141,
2.0,Meeting-held-out,2,4,450,0.9588888888888889,0.9588888888888889,0.9588774659627675,
2.0,Meeting-held-out,3,4,437,0.982837528604119,0.982837528604119,0.9828375061364751,
2.0,Meeting-held-out,4,4,436,0.8841743119266054,0.8841743119266054,0.8828990178206975,
2.0,Meeting-held-out,5,3,338,0.9630177514792899,0.9630177514792899,0.9630137855718748,
