protocol_version,task,protocol,fold,condition,held_out_meetings,accuracy,balanced_accuracy,macro_f1,roc_auc
2.0,closed_set_speaker_information,Meeting-held-out,1,IHM→IHM,3,0.8112094395280236,0.8116789819376028,0.8127544759014906,
2.0,closed_set_speaker_information,Meeting-held-out,1,SDM→SDM,3,0.5398230088495575,0.5391009852216747,0.5348820517772275,
2.0,closed_set_speaker_information,Meeting-held-out,1,IHM→SDM,3,0.29793510324483774,0.2964901477832512,0.2307991411235508,
2.0,closed_set_speaker_information,Meeting-held-out,1,SDM→IHM,3,0.35693215339233036,0.35775862068965525,0.30290213669310323,
2.0,closed_set_speaker_information,Meeting-held-out,2,IHM→IHM,4,0.76,0.6879944767875803,0.6482050322658575,
2.0,closed_set_speaker_information,Meeting-held-out,2,SDM→SDM,4,0.5533333333333333,0.48287057769816394,0.47863049817204123,
2.0,closed_set_speaker_information,Meeting-held-out,2,IHM→SDM,4,0.28888888888888886,0.2500186595014181,0.2796079437873499,
2.0,closed_set_speaker_information,Meeting-held-out,2,SDM→IHM,4,0.46,0.4120577698163905,0.4005507172887809,
2.0,closed_set_speaker_information,Meeting-held-out,3,IHM→IHM,4,0.8924485125858124,0.8914574141500677,0.8901882643054347,
2.0,closed_set_speaker_information,Meeting-held-out,3,SDM→SDM,4,0.6132723112128147,0.612864139358892,0.6098248833227514,
2.0,closed_set_speaker_information,Meeting-held-out,3,IHM→SDM,4,0.38672768878718533,0.36607838937674014,0.31693961719903857,
2.0,closed_set_speaker_information,Meeting-held-out,3,SDM→IHM,4,0.34782608695652173,0.35859484543442566,0.30991591482105574,
2.0,closed_set_speaker_information,Meeting-held-out,4,IHM→IHM,4,0.6880733944954128,0.6408613127646702,0.6319523117836991,
2.0,closed_set_speaker_information,Meeting-held-out,4,SDM→SDM,4,0.44724770642201833,0.42144603606717945,0.40031185906358707,
2.0,closed_set_speaker_information,Meeting-held-out,4,IHM→SDM,4,0.10779816513761468,0.1254618226600985,0.10174801228717124,
2.0,closed_set_speaker_information,Meeting-held-out,4,SDM→IHM,4,0.30045871559633025,0.32404646674156656,0.26061063642440824,
2.0,closed_set_speaker_information,Meeting-held-out,5,IHM→IHM,3,0.8875739644970414,0.8951296737140658,0.8884179347021193,
2.0,closed_set_speaker_information,Meeting-held-out,5,SDM→SDM,3,0.6242603550295858,0.6182914182006741,0.6217353693737979,
2.0,closed_set_speaker_information,Meeting-held-out,5,IHM→SDM,3,0.3668639053254438,0.3989303195292306,0.33333262007730113,
2.0,closed_set_speaker_information,Meeting-held-out,5,SDM→IHM,3,0.5236686390532544,0.48799506603499354,0.4679249449444956,
2.0,small_lexical_probe,Meeting-held-out,1,IHM→IHM,3,0.7692307692307693,0.7473684210526316,0.6586586586586587,
2.0,small_lexical_probe,Meeting-held-out,1,SDM→SDM,3,0.6153846153846154,0.5771929824561404,0.5424242424242425,
2.0,small_lexical_probe,Meeting-held-out,1,IHM→SDM,3,0.7307692307692307,0.5807017543859648,0.554954954954955,
2.0,small_lexical_probe,Meeting-held-out,1,SDM→IHM,3,0.5384615384615384,0.3947368421052631,0.31140350877192985,
2.0,small_lexical_probe,Meeting-held-out,2,IHM→IHM,4,0.9,0.9444444444444445,0.9280303030303031,
2.0,small_lexical_probe,Meeting-held-out,2,SDM→SDM,4,0.7,0.48809523809523814,0.48106060606060613,
2.0,small_lexical_probe,Meeting-held-out,2,IHM→SDM,4,0.6,0.7182539682539683,0.611111111111111,
2.0,small_lexical_probe,Meeting-held-out,2,SDM→IHM,4,0.75,0.8611111111111112,0.6867905056759546,
2.0,small_lexical_probe,Meeting-held-out,3,IHM→IHM,4,0.8421052631578947,0.9285714285714285,0.8690909090909091,
2.0,small_lexical_probe,Meeting-held-out,3,SDM→SDM,4,0.6842105263157895,0.6785714285714285,0.5042735042735043,
2.0,small_lexical_probe,Meeting-held-out,3,IHM→SDM,4,0.7894736842105263,0.7261904761904763,0.7333333333333334,
2.0,small_lexical_probe,Meeting-held-out,3,SDM→IHM,4,0.7368421052631579,0.7619047619047619,0.6153846153846154,
2.0,small_lexical_probe,Meeting-held-out,4,IHM→IHM,4,0.8461538461538461,0.8220108695652174,0.8328571428571429,
2.0,small_lexical_probe,Meeting-held-out,4,SDM→SDM,4,0.7435897435897436,0.7255434782608696,0.7291666666666666,
2.0,small_lexical_probe,Meeting-held-out,4,IHM→SDM,4,0.5897435897435898,0.5,0.3709677419354839,
2.0,small_lexical_probe,Meeting-held-out,4,SDM→IHM,4,0.8205128205128205,0.8097826086956521,0.8126286890871655,
2.0,small_lexical_probe,Meeting-held-out,5,IHM→IHM,3,0.9230769230769231,0.8333333333333334,0.8585858585858586,
2.0,small_lexical_probe,Meeting-held-out,5,SDM→SDM,3,0.46153846153846156,0.35555555555555557,0.3384615384615384,
2.0,small_lexical_probe,Meeting-held-out,5,IHM→SDM,3,0.6153846153846154,0.6,0.6273504273504273,
2.0,small_lexical_probe,Meeting-held-out,5,SDM→IHM,3,0.5384615384615384,0.41111111111111115,0.3703703703703704,
